﻿<parameters>
  <parameter name="IIS Web Application Name" defaultValue="#{DestinationWebSite}#" tags="IisApp">
    <parameterEntry kind="ProviderPath" scope="IisApp" match="^C:\\a\\1\\s\\OnlinePharmacy\\obj\\Release\\Package\\PackageTmp$" />
    <parameterEntry kind="ProviderPath" scope="setAcl" match="^C:\\a\\1\\s\\OnlinePharmacy\\obj\\Release\\Package\\PackageTmp$" />
    <parameterEntry kind="XmlFile" scope="\\SetParameters.xml$" match="/parameters/setParameter/add[@key='IIS Web Application Name']/@value" />
  </parameter>
  <parameter name="DefaultConnection-Web.config Connection String" defaultValue="Data Source=(LocalDb)\MSSQLLocalDB;AttachDbFilename=|DataDirectory|\aspnet-OnlinePharmacy-20160803041637.mdf;Initial Catalog=aspnet-OnlinePharmacy-20160803041637;Integrated Security=True">
    <parameterEntry kind="XmlFile" scope="C:\\a\\1\\s\\OnlinePharmacy\\obj\\Release\\Package\\PackageTmp\\Web\.config$" match="/configuration/connectionStrings/add[@name='DefaultConnection']/@connectionString" />
  </parameter>
  <parameter name="medicineEntities-Web.config Connection String" defaultValue="metadata=res://*/Models.PharmacyModel.csdl|res://*/Models.PharmacyModel.ssdl|res://*/Models.PharmacyModel.msl;provider=System.Data.SqlClient;provider connection string=&quot;data source=tcp:devopswin2016.database.windows.net,1433;initial catalog=medicine;Password=citynext!1234;User ID=citynextadmin;MultipleActiveResultSets=True;App=EntityFramework&quot;">
    <parameterEntry kind="XmlFile" scope="C:\\a\\1\\s\\OnlinePharmacy\\obj\\Release\\Package\\PackageTmp\\Web\.config$" match="/configuration/connectionStrings/add[@name='medicineEntities']/@connectionString" />
  </parameter>
</parameters>